{"files": [{"file": "csv_client\/animations.csv", "sha": "3dba8056ded041965b914e13b1801c8f29a736ef"}, {"file": "csv_client\/billing_packages.csv", "sha": "1ca1ff8e4519e908dad2147b9b8f8fc374f139fe"}, {"file": "csv_client\/client_globals.csv", "sha": "77e2ae79def3cbfa2cfc56d7922559dff45b850e"}, {"file": "csv_client\/color_gradients.csv", "sha": "7f97dce727219d2ffbeb78680f2d55b5b464b0f1"}, {"file": "csv_client\/credits.csv", "sha": "e3392c82b1a84dcac2d2e75eee207be819398298"}, {"file": "csv_client\/effects.csv", "sha": "d333bfc5101607ccd6834799630c9cccf559908e"}, {"file": "csv_client\/faces.csv", "sha": "09054137934420e8bba2888c9032ace24350d765"}, {"file": "csv_client\/health_bars.csv", "sha": "f02300e26e0b4f9370ae88e6bcad6eb1f0fe16c4"}, {"file": "csv_client\/hints.csv", "sha": "e82157317e3f8007869aeab81c687552e356a0d1"}, {"file": "csv_client\/links.csv", "sha": "a62a2762f4f0594b0cc9a6e5be8875f7a9a2bb2c"}, {"file": "csv_client\/local_notifications.csv", "sha": "45737b65993dccf52ed5cdffff7e6bcb3e46f5b7"}, {"file": "csv_client\/music.csv", "sha": "796b04432a177083acfe0ce500c1effb0950632b"}, {"file": "csv_client\/particle_emitters.csv", "sha": "21d152ac90d9d24dde1b8c34a2cf6e60107b80bd"}, {"file": "csv_client\/particle_emitters.json", "sha": "f08e08f6d5d583b9268abeef5984fafdf95dcb68"}, {"file": "csv_client\/shop_items.csv", "sha": "7bd1173d91e5a4d5fd566d06c628c49018af4b28"}, {"file": "csv_client\/sounds.csv", "sha": "1333a8aa1ae5aa1466728e2882c6dfb4d4e5c9f4"}, {"file": "csv_client\/tutorial.csv", "sha": "4523948b80b53b357f1f2e183c3cd09cdaececf3"}, {"file": "csv_logic\/accessories.csv", "sha": "bbd80c5b87849a30572a6c2e3769fb4fc66e1666"}, {"file": "csv_logic\/alliance_badges.csv", "sha": "077c39ad37274418d9cb2ba31fa94952bf200043"}, {"file": "csv_logic\/alliance_roles.csv", "sha": "6ff1ed3b6d043b29d189a683cef91a514fb623d0"}, {"file": "csv_logic\/area_effects.csv", "sha": "80eaf995a9df291659955b378b440a8bc4a8c87d"}, {"file": "csv_logic\/bosses.csv", "sha": "7d0b448e78bed697fedd179fd436d8b192b07026"}, {"file": "csv_logic\/campaign.csv", "sha": "cea116aa4e00dca83d70547fd9b46de11e2dea93"}, {"file": "csv_logic\/cards.csv", "sha": "aca2ca97be3ad7787a2271feaeb21696881feb37"}, {"file": "csv_logic\/challenges.csv", "sha": "0e60a732cd55ab7ac060db7bb83b2aecb0a41d9d"}, {"file": "csv_logic\/characters.csv", "sha": "ddcaf3d81d56eae82277ca3a48e6e35e6c302520"}, {"file": "csv_logic\/game_mode_variations.csv", "sha": "f4f6816abf7a57c89a4dcb8d5a5fdb224145377c"}, {"file": "csv_logic\/globals.csv", "sha": "ae0fcac9fa649b8fadc7f743e5b6e729d619723d"}, {"file": "csv_logic\/items.csv", "sha": "b3246e9038aa7d20c96b5a82445edc12e0b74381"}, {"file": "csv_logic\/locales.csv", "sha": "fad8c303c95b114f0f7b9c1eb8a2c7f89a401ef8"}, {"file": "csv_logic\/locations.csv", "sha": "2a52b62e36a001a8630af401c6a6fd057c62c67d"}, {"file": "csv_logic\/location_themes.csv", "sha": "afe82ecf3bf5d8229edee5c8c3845bb725a2622a"}, {"file": "csv_logic\/maps.csv", "sha": "ac68dabe90b6b06c3460b44ec007bf462c1136dc"}, {"file": "csv_logic\/map_blocks.csv", "sha": "d421e2dcde5750106ca303c400051141684b57fd"}, {"file": "csv_logic\/messages.csv", "sha": "c8e624dcf92398de76a34949b616e0d9b45ac065"}, {"file": "csv_logic\/milestones.csv", "sha": "6ea1969334e32f95d23440d1ff64697db6f05108"}, {"file": "csv_logic\/name_colors.csv", "sha": "60cc8e2e13a6b5bebc8bab03a4020c7421894957"}, {"file": "csv_logic\/pins.csv", "sha": "f97a722faf03bd4ed68b5c1074a39e974f6021e3"}, {"file": "csv_logic\/player_thumbnails.csv", "sha": "2066af2ca9fe3bff6b71e7286f4dec8a31436c18"}, {"file": "csv_logic\/projectiles.csv", "sha": "d7356838ee51e9a1cca51c41f98fbac6cea8b0b1"}, {"file": "csv_logic\/regions.csv", "sha": "fd14d7906d25c813b91e6ea95bea547836c6c53a"}, {"file": "csv_logic\/resources.csv", "sha": "2ac5ee6423813f70aa914b628f0418a9efbf8257"}, {"file": "csv_logic\/skills.csv", "sha": "49f5e6a8e3692586f21506957ae70d9e05dae15b"}, {"file": "csv_logic\/skins.csv", "sha": "1a19edd33f7d72690a1c3e2e1abbc5bc9050bcf5"}, {"file": "csv_logic\/skinsrarity.csv", "sha": "13c4ac04f26c719f847690ee57cb68bec7d09fed"}, {"file": "csv_logic\/skin_confs.csv", "sha": "d11819ab454348ce21b84eafaaa1f98eef4136b6"}, {"file": "csv_logic\/themes.csv", "sha": "2026d87d051104cb2e34237199100cb97c8d0b7a"}, {"file": "csv_logic\/tiles.csv", "sha": "ee59eac28d8bf8fe01c4206877dbda03d8134cee"}], "sha": "ed49c51d515b182a129dc085faaa12d0f74eb079", "version": "26.165.1"}